<?xml version="1.0" encoding="utf-8"?>
<extension type="package" version="3.0" method="upgrade">
    <name>pkg_joomfinderplugin</name>
    <creationDate>June 2021</creationDate>
    <copyright>2021, Manuel Häusler</copyright>
    <license>GNU General Public License Version 2 oder später; siehe LICENSE.txt</license>
    <author>Manuel Häusler</author>
    <authorEmail>tech.spuur@quickline.com</authorEmail>
    <authorUrl>https://tech.spuur.ch</authorUrl>
    <packagename>joomfinderplugin</packagename>
    <version>0.1.0</version>
    <description>PKG_JOOMFINDERPLUGIN_XML_DESCRIPTION</description>

    <autoactivate>true</autoactivate>
    <scriptfile>script.php</scriptfile>

    <files>
       <file type="plugin" id="plg_finderjoomgallery" group="finder">plg_finderjoomgallery.zip</file>
       <file type="plugin" id="plg_joomgalleryfinder" group="joomgallery">plg_joomgalleryfinder.zip</file>
    </files>

    <languages>
        <language tag="en-GB">language/en-GB/en-GB.pkg_joomfinderplugin.sys.ini</language>
        <language tag="de-DE">language/de-DE/de-DE.pkg_joomfinderplugin.sys.ini</language>
    </languages>
</extension>
